,dataset,resource,pipeline,name,pca,adjusted_r2,r2,mae,mape,best_score,params
0,ShorterThan1.2Kms,read_sum,continuous,knn,56,0.6765287979009604,0.6773121497428454,0.11311465576876494,0.317429807035397,0.6738457961510687,"{'knn__n_neighbors': 5, 'pca__n_components': 56}"
1,ShorterThan1.2Kms,read_sum,continuous,dtr,56,0.652092246048743,0.6529347760115196,0.12349154105398999,0.4151196359070469,0.6460936897505214,"{'dtr__criterion': 'friedman_mse', 'dtr__max_depth': 5, 'pca__n_components': 56}"
2,ShorterThan1.2Kms,read_sum,continuous,lasso,48,0.20847586006721508,0.21039269806976135,0.22105724023650009,0.9788055960145654,0.19581550503930223,"{'lasso__alpha': 0.060000000000000005, 'pca__n_components': 48}"
3,ShorterThan1.2Kms,read_sum,continuous,mlp,42,0.6901459862888989,0.6908963613169724,0.11764243574010812,0.39942224614409977,0.6918379721278394,"{'mlp__activation': 'relu', 'mlp__hidden_layer_sizes': (100,), 'pca__n_components': 42}"
4,ShorterThan1.2Kms,read_sum,continuous,elasticnet,56,0.579074409055071,0.5800937666820362,0.14794023276187404,0.5634280170106023,0.5792811936567104,"{'elasticnet__alpha': 0.11, 'elasticnet__l1_ratio': 0.0, 'pca__n_components': 56}"
5,ShorterThan1.2Kms,read_sum,continuous,svr,27,0.6035111411120312,0.604471320181702,0.1380965155160512,0.531358205465625,0.6021775031678112,"{'pca__n_components': 27, 'svr__alpha': 0.0601, 'svr__loss': 'epsilon_insensitive', 'svr__max_iter': 10000, 'svr__penalty': 'elasticnet'}"
0,ShorterThan1.2Kms,write_sum,continuous,knn,49,0.47168564013585845,0.47296506168624164,0.11065396911629205,0.24488800690960452,0.4677728176613613,"{'knn__n_neighbors': 11, 'pca__n_components': 49}"
1,ShorterThan1.2Kms,write_sum,continuous,dtr,41,0.4424905913306568,0.443840714678007,0.12707756127816594,0.2812936675287102,0.44842359049935326,"{'dtr__criterion': 'mse', 'dtr__max_depth': 5, 'pca__n_components': 41}"
2,ShorterThan1.2Kms,write_sum,continuous,lasso,44,0.3824390136824358,0.38393456423830896,0.15744185010824147,0.35559427657726583,0.3918552395467688,"{'lasso__alpha': 0.01, 'pca__n_components': 44}"
3,ShorterThan1.2Kms,write_sum,continuous,mlp,53,0.45407522205390016,0.45539729084258873,0.12871062222942795,0.28452461660028777,0.44476568845670905,"{'mlp__activation': 'logistic', 'mlp__hidden_layer_sizes': (100,), 'pca__n_components': 53}"
4,ShorterThan1.2Kms,write_sum,continuous,elasticnet,58,0.4153164684980605,0.41673239955575514,0.1475343199556685,0.33889859773381187,0.4243837759722244,"{'elasticnet__alpha': 0.01, 'elasticnet__l1_ratio': 0.0, 'pca__n_components': 58}"
5,ShorterThan1.2Kms,write_sum,continuous,svr,26,0.4006364125229951,0.40208789434629866,0.1523447356905973,0.34936534537574576,0.4085134583706076,"{'pca__n_components': 26, 'svr__alpha': 0.1201, 'svr__loss': 'squared_loss', 'svr__max_iter': 10000, 'svr__penalty': 'l2'}"
0,ShorterThan1.2Kms,cpu_mean,continuous,knn,40,-0.06338219937313849,-0.06080700133664818,5.0450633590662276e-05,8.038139666039343e-05,-1.7843594044932717e+25,"{'knn__n_neighbors': 24, 'pca__n_components': 40}"
1,ShorterThan1.2Kms,cpu_mean,continuous,dtr,39,-0.0024687294272545124,-4.104584821229551e-05,2.052233446073791e-05,2.0522587167725487e-05,0.4999465488365967,"{'dtr__criterion': 'mae', 'dtr__max_depth': 15, 'pca__n_components': 39}"
2,ShorterThan1.2Kms,cpu_mean,continuous,lasso,46,-0.002430943496854354,-3.351424190167762e-06,4.690667683943793e-05,7.32943043938639e-05,-5.149735670350645e+22,"{'lasso__alpha': 0.01, 'pca__n_components': 46}"
3,ShorterThan1.2Kms,cpu_mean,continuous,mlp,2,-0.005651905938413693,-0.0032165136447566134,0.00021687992605509305,0.00041326143067931876,-2.294493372566415e+23,"{'mlp__activation': 'logistic', 'mlp__hidden_layer_sizes': (100, 50), 'pca__n_components': 2}"
4,ShorterThan1.2Kms,cpu_mean,continuous,elasticnet,40,-0.002430943496854354,-3.351424190167762e-06,4.690667683943793e-05,7.32943043938639e-05,-2.6178217140695582e+22,"{'elasticnet__alpha': 0.01, 'elasticnet__l1_ratio': 0.5, 'pca__n_components': 40}"
5,ShorterThan1.2Kms,cpu_mean,continuous,svr,28,-0.002473437188335703,-4.5742208484522706e-05,2.2361558229923598e-05,2.420112907267166e-05,-1.4931406354179605e+22,"{'pca__n_components': 28, 'svr__alpha': 0.1901, 'svr__loss': 'squared_loss', 'svr__max_iter': 10000, 'svr__penalty': 'l2'}"
0,ShorterThan1.2Kms,cpu_max,continuous,knn,47,-0.06338219937313849,-0.06080700133664818,5.0450633590662276e-05,8.038139666039343e-05,-1.756484861116909e+25,"{'knn__n_neighbors': 24, 'pca__n_components': 47}"
1,ShorterThan1.2Kms,cpu_max,continuous,dtr,50,-0.0024687294272545124,-4.104584821229551e-05,2.052233446073791e-05,2.0522587167725487e-05,0.4999465488365967,"{'dtr__criterion': 'mae', 'dtr__max_depth': 5, 'pca__n_components': 50}"
2,ShorterThan1.2Kms,cpu_max,continuous,lasso,46,-0.002430943496854354,-3.351424190167762e-06,4.690667683943793e-05,7.32943043938639e-05,-5.149735670350645e+22,"{'lasso__alpha': 0.01, 'pca__n_components': 46}"
3,ShorterThan1.2Kms,cpu_max,continuous,mlp,2,-0.005651905938413693,-0.0032165136447566134,0.00021687992605509305,0.00041326143067931876,-1.5987195410830444e+23,"{'mlp__activation': 'logistic', 'mlp__hidden_layer_sizes': (100, 50), 'pca__n_components': 2}"
4,ShorterThan1.2Kms,cpu_max,continuous,elasticnet,40,-0.002430943496854354,-3.351424190167762e-06,4.690667683943793e-05,7.32943043938639e-05,-5.890050504528107e+22,"{'elasticnet__alpha': 0.01, 'elasticnet__l1_ratio': 0.5, 'pca__n_components': 40}"
5,ShorterThan1.2Kms,cpu_max,continuous,svr,30,-0.0024405439469106227,-1.2928624788299814e-05,3.0167172987023185e-05,3.98135010277737e-05,-5.838304810935529e+21,"{'pca__n_components': 30, 'svr__alpha': 0.18009999999999998, 'svr__loss': 'squared_loss', 'svr__max_iter': 10000, 'svr__penalty': 'l2'}"
0,ShorterThan1.2Kms,memory_mean,continuous,knn,53,0.5392874392780409,0.5404031492104218,0.1489626299559924,2.149937701461379,0.5354294894853775,"{'knn__n_neighbors': 10, 'pca__n_components': 53}"
1,ShorterThan1.2Kms,memory_mean,continuous,dtr,49,0.5485369950259055,0.549630305262472,0.15220620561619155,2.4078639847774532,0.5443888454463662,"{'dtr__criterion': 'mse', 'dtr__max_depth': 5, 'pca__n_components': 49}"
2,ShorterThan1.2Kms,memory_mean,continuous,lasso,49,0.5003137245177487,0.5015238172917689,0.1664516642887393,2.7339048102376937,0.4926377851737334,"{'lasso__alpha': 0.01, 'pca__n_components': 49}"
3,ShorterThan1.2Kms,memory_mean,continuous,mlp,33,0.5398229297833668,0.5409373429156896,0.15376034488796864,2.5376010220440715,0.5354676161623575,"{'mlp__activation': 'logistic', 'mlp__hidden_layer_sizes': (100,), 'pca__n_components': 33}"
4,ShorterThan1.2Kms,memory_mean,continuous,elasticnet,39,0.5228134651314855,0.5239690701701607,0.16070367638469427,2.6281991956419386,0.5196833641516541,"{'elasticnet__alpha': 0.01, 'elasticnet__l1_ratio': 0.4, 'pca__n_components': 39}"
5,ShorterThan1.2Kms,memory_mean,continuous,svr,28,0.5013347042182497,0.5025423244805788,0.16606691247565436,2.7106789689315374,0.5017609878775611,"{'pca__n_components': 28, 'svr__alpha': 0.040100000000000004, 'svr__loss': 'squared_loss', 'svr__max_iter': 10000, 'svr__penalty': 'elasticnet'}"
0,ShorterThan1.2Kms,memory_max,continuous,knn,39,0.4556878202163045,0.45700598376788837,0.16727104106056345,1.7774612965276808,0.4545013055650694,"{'knn__n_neighbors': 9, 'pca__n_components': 39}"
1,ShorterThan1.2Kms,memory_max,continuous,dtr,58,0.46758329640482676,0.46887265262171784,0.1711313716313274,2.1251965692963806,0.4745195465863953,"{'dtr__criterion': 'friedman_mse', 'dtr__max_depth': 5, 'pca__n_components': 58}"
2,ShorterThan1.2Kms,memory_max,continuous,lasso,44,0.4109394718430085,0.41236600269558266,0.18657970623769518,2.39033329667581,0.40822808385359916,"{'lasso__alpha': 0.01, 'pca__n_components': 44}"
3,ShorterThan1.2Kms,memory_max,continuous,mlp,51,0.4597397076531362,0.46104805872847443,0.17282071939608357,2.27938421648849,0.46262242073549237,"{'mlp__activation': 'logistic', 'mlp__hidden_layer_sizes': (100,), 'pca__n_components': 51}"
4,ShorterThan1.2Kms,memory_max,continuous,elasticnet,47,0.453330332251222,0.45465420494330333,0.17614421989746396,2.253850177238696,0.4537391153464916,"{'elasticnet__alpha': 0.01, 'elasticnet__l1_ratio': 0.1, 'pca__n_components': 47}"
5,ShorterThan1.2Kms,memory_max,continuous,svr,27,0.4583458093681141,0.45965753605396065,0.17324132159982764,2.1846488696222304,0.45410856081702217,"{'pca__n_components': 27, 'svr__alpha': 0.0001, 'svr__loss': 'squared_loss', 'svr__max_iter': 10000, 'svr__penalty': 'elasticnet'}"
0,Between2KmsAnd25Kms,read_sum,continuous,knn,65,0.43408811221442256,0.44358515277943233,0.16205978005141258,2.8775059840513735,0.39945131828123326,"{'knn__n_neighbors': 10, 'pca__n_components': 65}"
1,Between2KmsAnd25Kms,read_sum,continuous,dtr,29,0.3415709047743255,0.3526205539538284,0.17980093039654196,2.8488566258865666,0.321119231290783,"{'dtr__criterion': 'mse', 'dtr__max_depth': 5, 'pca__n_components': 29}"
2,Between2KmsAnd25Kms,read_sum,continuous,lasso,24,0.17511791975820112,0.18896095565564497,0.2172724784341566,3.73667188639695,0.18195509941415472,"{'lasso__alpha': 0.01, 'pca__n_components': 24}"
3,Between2KmsAnd25Kms,read_sum,continuous,mlp,66,0.4718697110523925,0.48073270701696247,0.1596013972060608,2.6373748297440622,0.4583828067639433,"{'mlp__activation': 'relu', 'mlp__hidden_layer_sizes': (100, 50), 'pca__n_components': 66}"
4,Between2KmsAnd25Kms,read_sum,continuous,elasticnet,66,0.18507217236216011,0.19874815762360465,0.21712168385599254,3.632088722394562,0.18763096835415327,"{'elasticnet__alpha': 0.11, 'elasticnet__l1_ratio': 0.0, 'pca__n_components': 66}"
5,Between2KmsAnd25Kms,read_sum,continuous,svr,35,0.3218343943051136,0.33321525836909494,0.18331843144700605,2.840285404614703,0.30189429171280113,"{'pca__n_components': 35, 'svr__alpha': 0.0101, 'svr__loss': 'epsilon_insensitive', 'svr__max_iter': 10000, 'svr__penalty': 'l2'}"
0,Between2KmsAnd25Kms,write_sum,continuous,knn,65,0.6734620833662774,0.6789419891735562,0.10408029923741383,2.953464561362759,0.6825765498784803,"{'knn__n_neighbors': 10, 'pca__n_components': 65}"
1,Between2KmsAnd25Kms,write_sum,continuous,dtr,66,0.633830804509525,0.6399757959442122,0.11495318903092704,2.901726072897817,0.633645284314393,"{'dtr__criterion': 'mse', 'dtr__max_depth': 5, 'pca__n_components': 66}"
2,Between2KmsAnd25Kms,write_sum,continuous,lasso,26,0.5666350386987435,0.5739076984639176,0.13998537158981267,3.6272969568052957,0.5728129854513292,"{'lasso__alpha': 0.01, 'pca__n_components': 26}"
3,Between2KmsAnd25Kms,write_sum,continuous,mlp,65,0.6787772321516404,0.684167940002995,0.10446130227534627,2.8458924142690507,0.7008795935700032,"{'mlp__activation': 'relu', 'mlp__hidden_layer_sizes': (100, 50), 'pca__n_components': 65}"
4,Between2KmsAnd25Kms,write_sum,continuous,elasticnet,63,0.6419669921974761,0.6479754434636587,0.1196360952438753,3.2864755102892524,0.6539152636155996,"{'elasticnet__alpha': 0.01, 'elasticnet__l1_ratio': 0.0, 'pca__n_components': 63}"
5,Between2KmsAnd25Kms,write_sum,continuous,svr,35,0.6348821328355541,0.6410094810505546,0.11927404115268075,3.2858827609195953,0.6320039826338473,"{'pca__n_components': 35, 'svr__alpha': 0.040100000000000004, 'svr__loss': 'epsilon_insensitive', 'svr__max_iter': 10000, 'svr__penalty': 'l2'}"
0,Between2KmsAnd25Kms,cpu_mean,continuous,knn,64,0.9157087935361383,0.9171233547502406,0.057013618582819996,0.2402838716572512,0.898271670393477,"{'knn__n_neighbors': 3, 'pca__n_components': 64}"
1,Between2KmsAnd25Kms,cpu_mean,continuous,dtr,23,0.8970897634982399,0.8988167862233435,0.0646538420132582,0.2513542009783219,0.8804526835634323,"{'dtr__criterion': 'mse', 'dtr__max_depth': 10, 'pca__n_components': 23}"
2,Between2KmsAnd25Kms,cpu_mean,continuous,lasso,66,0.7746136770393928,0.7783960733773299,0.10903425879003346,0.45654831781020866,0.7801355667665921,"{'lasso__alpha': 0.01, 'pca__n_components': 66}"
3,Between2KmsAnd25Kms,cpu_mean,continuous,mlp,53,0.8989336086979592,0.9006296883150715,0.06845894465900189,0.2757521297333783,0.8919150702936673,"{'mlp__activation': 'relu', 'mlp__hidden_layer_sizes': (100, 50), 'pca__n_components': 53}"
4,Between2KmsAnd25Kms,cpu_mean,continuous,elasticnet,54,0.8350049137632473,0.8377738342627782,0.09311014320368044,0.3410840335151261,0.8385236502415938,"{'elasticnet__alpha': 0.01, 'elasticnet__l1_ratio': 0.0, 'pca__n_components': 54}"
5,Between2KmsAnd25Kms,cpu_mean,continuous,svr,34,0.8280302613711193,0.8309162293441608,0.09516727687160467,0.336802441050786,0.8305705961787792,"{'pca__n_components': 34, 'svr__alpha': 0.0301, 'svr__loss': 'epsilon_insensitive', 'svr__max_iter': 10000, 'svr__penalty': 'l2'}"
0,Between2KmsAnd25Kms,cpu_max,continuous,knn,55,0.8866022204886647,0.8885052434419645,0.06682474071514653,0.25775449489365443,0.8737486391596059,"{'knn__n_neighbors': 3, 'pca__n_components': 55}"
1,Between2KmsAnd25Kms,cpu_max,continuous,dtr,46,0.8442176284281767,0.8468319426598855,0.07641838424525416,0.28256170380654416,0.8290509087648408,"{'dtr__criterion': 'mse', 'dtr__max_depth': 10, 'pca__n_components': 46}"
2,Between2KmsAnd25Kms,cpu_max,continuous,lasso,24,0.6976665906190613,0.702740300352009,0.12657626325482618,0.49105375665301565,0.7089070112523835,"{'lasso__alpha': 0.01, 'pca__n_components': 24}"
3,Between2KmsAnd25Kms,cpu_max,continuous,mlp,63,0.8851617548152663,0.8870889514274484,0.07223712728696685,0.2922125558133788,0.8759133402136501,"{'mlp__activation': 'relu', 'mlp__hidden_layer_sizes': (100, 50), 'pca__n_components': 63}"
4,Between2KmsAnd25Kms,cpu_max,continuous,elasticnet,67,0.8085744119557231,0.8117868848054296,0.09643856124589552,0.35500090705870047,0.8163096774507277,"{'elasticnet__alpha': 0.01, 'elasticnet__l1_ratio': 0.0, 'pca__n_components': 67}"
5,Between2KmsAnd25Kms,cpu_max,continuous,svr,34,0.8094866654810254,0.812683829041561,0.09617325463403584,0.35405678545817276,0.8144655832296372,"{'pca__n_components': 34, 'svr__alpha': 0.0001, 'svr__loss': 'epsilon_insensitive', 'svr__max_iter': 10000, 'svr__penalty': 'l2'}"
0,Between2KmsAnd25Kms,memory_mean,continuous,knn,28,0.7043541334148392,0.7093156139004737,0.10991341919945648,0.9743517878611434,0.6809780477291286,"{'knn__n_neighbors': 4, 'pca__n_components': 28}"
1,Between2KmsAnd25Kms,memory_mean,continuous,dtr,66,0.7148277413719799,0.7196134554851846,0.11773714002768253,1.0345193439470681,0.7146529331897853,"{'dtr__criterion': 'mse', 'dtr__max_depth': 5, 'pca__n_components': 66}"
2,Between2KmsAnd25Kms,memory_mean,continuous,lasso,24,0.6076855126058047,0.6142692700447991,0.14670104144111915,1.565875235147338,0.5894635542460238,"{'lasso__alpha': 0.01, 'pca__n_components': 24}"
3,Between2KmsAnd25Kms,memory_mean,continuous,mlp,61,0.7451076417739003,0.749385203560518,0.11074705627144353,0.9426976410606414,0.7407452499065129,"{'mlp__activation': 'relu', 'mlp__hidden_layer_sizes': (100, 50), 'pca__n_components': 61}"
4,Between2KmsAnd25Kms,memory_mean,continuous,elasticnet,48,0.716143367565964,0.7209070030559724,0.12104894332567735,1.0796574993747658,0.7144065481770041,"{'elasticnet__alpha': 0.01, 'elasticnet__l1_ratio': 0.0, 'pca__n_components': 48}"
5,Between2KmsAnd25Kms,memory_mean,continuous,svr,34,0.6955254355344713,0.7006350777811781,0.12218426731351055,1.0218247374529232,0.7091672667459274,"{'pca__n_components': 34, 'svr__alpha': 0.0101, 'svr__loss': 'epsilon_insensitive', 'svr__max_iter': 10000, 'svr__penalty': 'l2'}"
0,Between2KmsAnd25Kms,memory_max,continuous,knn,58,0.7220316294170556,0.7266964490615867,0.11116662813228949,0.6505366035632263,0.7022710704049959,"{'knn__n_neighbors': 12, 'pca__n_components': 58}"
1,Between2KmsAnd25Kms,memory_max,continuous,dtr,67,0.7341484727424739,0.7386099495079013,0.11272451170324138,0.6886531564645728,0.7201215965009526,"{'dtr__criterion': 'mse', 'dtr__max_depth': 5, 'pca__n_components': 67}"
2,Between2KmsAnd25Kms,memory_max,continuous,lasso,24,0.6330031592535041,0.6391620400952519,0.14331179278056336,1.011957268147834,0.6250419217219354,"{'lasso__alpha': 0.01, 'pca__n_components': 24}"
3,Between2KmsAnd25Kms,memory_max,continuous,mlp,50,0.7540611974556743,0.7581885021380569,0.10847039128866161,0.6522859389174416,0.7316211337749983,"{'mlp__activation': 'relu', 'mlp__hidden_layer_sizes': (100, 50), 'pca__n_components': 50}"
4,Between2KmsAnd25Kms,memory_max,continuous,elasticnet,63,0.735229905572287,0.7396732339091785,0.11520513781455516,0.7065824277441555,0.7345223318488862,"{'elasticnet__alpha': 0.01, 'elasticnet__l1_ratio': 0.0, 'pca__n_components': 63}"
5,Between2KmsAnd25Kms,memory_max,continuous,svr,35,0.7293085215568444,0.7338512215899478,0.11728342243205998,0.6575802817585865,0.7193618036201881,"{'pca__n_components': 35, 'svr__alpha': 0.0301, 'svr__loss': 'epsilon_insensitive', 'svr__max_iter': 10000, 'svr__penalty': 'l2'}"
0,ExecutedMoreThan3Ktimes,read_sum,continuous,knn,33,0.7976055760842355,0.7978854426666457,0.08305666791040425,0.3036831608385058,0.7944226767356108,"{'knn__n_neighbors': 4, 'pca__n_components': 33}"
1,ExecutedMoreThan3Ktimes,read_sum,continuous,dtr,20,0.7330036746234789,0.7333728713021894,0.10680684303142594,0.4988752035426576,0.7110946745995183,"{'dtr__criterion': 'friedman_mse', 'dtr__max_depth': 5, 'pca__n_components': 20}"
2,ExecutedMoreThan3Ktimes,read_sum,continuous,lasso,42,0.6269624627677847,0.627478290914806,0.13544596496653863,0.7225011578272913,0.6292703591405077,"{'lasso__alpha': 0.01, 'pca__n_components': 42}"
3,ExecutedMoreThan3Ktimes,read_sum,continuous,mlp,21,0.7982262332508427,0.7985052416020987,0.08905048267082384,0.3704727912402257,0.798320242931713,"{'mlp__activation': 'relu', 'mlp__hidden_layer_sizes': (100, 50), 'pca__n_components': 21}"
4,ExecutedMoreThan3Ktimes,read_sum,continuous,elasticnet,28,0.6700637285130839,0.6705199571725882,0.11947022770698558,0.6078275601996641,0.6720527904209899,"{'elasticnet__alpha': 0.01, 'elasticnet__l1_ratio': 0.0, 'pca__n_components': 28}"
5,ExecutedMoreThan3Ktimes,read_sum,continuous,svr,23,0.6601974009677137,0.6606672725691412,0.11616673709166765,0.5060031527637084,0.6636438114039627,"{'pca__n_components': 23, 'svr__alpha': 0.0001, 'svr__loss': 'epsilon_insensitive', 'svr__max_iter': 10000, 'svr__penalty': 'l1'}"
0,ExecutedMoreThan3Ktimes,write_sum,continuous,knn,29,0.6170130431488979,0.6175426291357442,0.09859138681018416,0.25959457871062763,0.616993487039936,"{'knn__n_neighbors': 9, 'pca__n_components': 29}"
1,ExecutedMoreThan3Ktimes,write_sum,continuous,dtr,13,0.47374577500769355,0.4744734678392354,0.13961066152242516,0.3665368784310479,0.48449436970262966,"{'dtr__criterion': 'mse', 'dtr__max_depth': 5, 'pca__n_components': 13}"
2,ExecutedMoreThan3Ktimes,write_sum,continuous,lasso,22,0.4262322278823265,0.42702562140756783,0.16425546645720396,0.4414614501234575,0.4286526156631218,"{'lasso__alpha': 0.01, 'pca__n_components': 22}"
3,ExecutedMoreThan3Ktimes,write_sum,continuous,mlp,33,0.6079281155340429,0.6084702639600801,0.11595592577155063,0.2912702016477793,0.5975556764449846,"{'mlp__activation': 'relu', 'mlp__hidden_layer_sizes': (100, 50), 'pca__n_components': 33}"
4,ExecutedMoreThan3Ktimes,write_sum,continuous,elasticnet,38,0.4225625341856256,0.4233610020830434,0.16928902056959666,0.45801262670480924,0.4244836733393972,"{'elasticnet__alpha': 0.36000000000000004, 'elasticnet__l1_ratio': 0.0, 'pca__n_components': 38}"
5,ExecutedMoreThan3Ktimes,write_sum,continuous,svr,24,0.4700254785027793,0.470758315678954,0.14626193008316002,0.3819923625235379,0.467496029911783,"{'pca__n_components': 24, 'svr__alpha': 0.0001, 'svr__loss': 'squared_loss', 'svr__max_iter': 10000, 'svr__penalty': 'l1'}"
0,ExecutedMoreThan3Ktimes,cpu_mean,continuous,knn,23,0.9645031347850289,0.9645522190738239,0.008314695522780902,0.01402731065572809,0.9600665330865688,"{'knn__n_neighbors': 3, 'pca__n_components': 23}"
1,ExecutedMoreThan3Ktimes,cpu_mean,continuous,dtr,25,0.958594247490152,0.9586515024590531,0.01087953545892657,0.01857022622711705,0.9448855705962909,"{'dtr__criterion': 'mse', 'dtr__max_depth': 10, 'pca__n_components': 25}"
2,ExecutedMoreThan3Ktimes,cpu_mean,continuous,lasso,16,0.8036352705065742,0.803906799359425,0.0624827365843231,0.11688867428856144,0.8044234886535457,"{'lasso__alpha': 0.01, 'pca__n_components': 16}"
3,ExecutedMoreThan3Ktimes,cpu_mean,continuous,mlp,37,0.9461385062339789,0.9462129847294442,0.022281583642848667,0.04295479717253735,0.9454943599740779,"{'mlp__activation': 'relu', 'mlp__hidden_layer_sizes': (100, 50), 'pca__n_components': 37}"
4,ExecutedMoreThan3Ktimes,cpu_mean,continuous,elasticnet,25,0.8863436776107136,0.8865008390873047,0.036556232215773886,0.06972865572242619,0.8860163158522505,"{'elasticnet__alpha': 0.01, 'elasticnet__l1_ratio': 0.0, 'pca__n_components': 25}"
5,ExecutedMoreThan3Ktimes,cpu_mean,continuous,svr,21,0.8734723221876768,0.8736472818930112,0.05131685254946603,0.10525943700652911,0.8734826999289766,"{'pca__n_components': 21, 'svr__alpha': 0.0001, 'svr__loss': 'epsilon_insensitive', 'svr__max_iter': 10000, 'svr__penalty': 'l2'}"
0,ExecutedMoreThan3Ktimes,cpu_max,continuous,knn,27,0.9666681980011829,0.9667142884879192,0.008176164003385129,0.0139542503890523,0.9618146699102319,"{'knn__n_neighbors': 4, 'pca__n_components': 27}"
1,ExecutedMoreThan3Ktimes,cpu_max,continuous,dtr,28,0.9137828839142115,0.9139021030565049,0.02136680668050508,0.03829349391272922,0.9199998002232483,"{'dtr__criterion': 'friedman_mse', 'dtr__max_depth': 5, 'pca__n_components': 28}"
2,ExecutedMoreThan3Ktimes,cpu_max,continuous,lasso,26,0.8107462021796386,0.8110078981917095,0.06099103356506662,0.11370769796352996,0.8106875664595732,"{'lasso__alpha': 0.01, 'pca__n_components': 26}"
3,ExecutedMoreThan3Ktimes,cpu_max,continuous,mlp,38,0.9499176484031177,0.9499869011834527,0.022706812417398903,0.04690367580345781,0.9455102612438022,"{'mlp__activation': 'relu', 'mlp__hidden_layer_sizes': (100, 50), 'pca__n_components': 38}"
4,ExecutedMoreThan3Ktimes,cpu_max,continuous,elasticnet,35,0.8877585044835048,0.8879137095684427,0.03590468971310781,0.06867634655570849,0.8870057107965972,"{'elasticnet__alpha': 0.01, 'elasticnet__l1_ratio': 0.0, 'pca__n_components': 35}"
5,ExecutedMoreThan3Ktimes,cpu_max,continuous,svr,22,0.8647657417984738,0.8649527407727311,0.05626277079843709,0.1178859371207102,0.873428472603511,"{'pca__n_components': 22, 'svr__alpha': 0.0001, 'svr__loss': 'epsilon_insensitive', 'svr__max_iter': 10000, 'svr__penalty': 'elasticnet'}"
0,ExecutedMoreThan3Ktimes,memory_mean,continuous,knn,12,0.7400772508983993,0.7404366663905573,0.10606084901723314,2.175674327222519,0.7388572963618495,"{'knn__n_neighbors': 7, 'pca__n_components': 12}"
1,ExecutedMoreThan3Ktimes,memory_mean,continuous,dtr,31,0.7494512511670318,0.7497977044966563,0.10817636791203968,2.2215906981738436,0.7442993629035346,"{'dtr__criterion': 'friedman_mse', 'dtr__max_depth': 5, 'pca__n_components': 31}"
2,ExecutedMoreThan3Ktimes,memory_mean,continuous,lasso,24,0.6936574840976096,0.6940810878279586,0.12820204801964788,2.6111755550724003,0.6927741483775276,"{'lasso__alpha': 0.01, 'pca__n_components': 24}"
3,ExecutedMoreThan3Ktimes,memory_mean,continuous,mlp,40,0.7469923472165425,0.7473422006647661,0.11038570010529627,2.0801420634680854,0.7420210485283671,"{'mlp__activation': 'logistic', 'mlp__hidden_layer_sizes': (100, 50), 'pca__n_components': 40}"
4,ExecutedMoreThan3Ktimes,memory_mean,continuous,elasticnet,29,0.7409097322268512,0.7412679965820372,0.11247298564378332,2.3176260269845357,0.7388795532900339,"{'elasticnet__alpha': 0.01, 'elasticnet__l1_ratio': 0.0, 'pca__n_components': 29}"
5,ExecutedMoreThan3Ktimes,memory_mean,continuous,svr,23,0.7422001656009396,0.7425566455730817,0.11194385363781495,2.2534803035949285,0.7397486917555585,"{'pca__n_components': 23, 'svr__alpha': 0.0001, 'svr__loss': 'squared_loss', 'svr__max_iter': 10000, 'svr__penalty': 'elasticnet'}"
0,ExecutedMoreThan3Ktimes,memory_max,continuous,knn,29,0.6778596324541404,0.6783050811081951,0.122113758698518,1.9260923773055318,0.6751807086876378,"{'knn__n_neighbors': 6, 'pca__n_components': 29}"
1,ExecutedMoreThan3Ktimes,memory_max,continuous,dtr,12,0.6939353281493643,0.6943585476830358,0.12374604745675019,1.978589828052853,0.6849230658871024,"{'dtr__criterion': 'mse', 'dtr__max_depth': 5, 'pca__n_components': 12}"
2,ExecutedMoreThan3Ktimes,memory_max,continuous,lasso,31,0.6389712830034338,0.6394705056165025,0.14150845746122576,2.235914252223132,0.6362939307200229,"{'lasso__alpha': 0.01, 'pca__n_components': 31}"
3,ExecutedMoreThan3Ktimes,memory_max,continuous,mlp,27,0.6976513729195284,0.6980694539877729,0.12340767409394506,2.049041095179458,0.6927753400611272,"{'mlp__activation': 'logistic', 'mlp__hidden_layer_sizes': (100,), 'pca__n_components': 27}"
4,ExecutedMoreThan3Ktimes,memory_max,continuous,elasticnet,39,0.6940471712473868,0.6944702361268688,0.12565550973708267,2.0335431668851935,0.6919066981562408,"{'elasticnet__alpha': 0.01, 'elasticnet__l1_ratio': 0.0, 'pca__n_components': 39}"
5,ExecutedMoreThan3Ktimes,memory_max,continuous,svr,22,0.6947620466633584,0.6951841230287517,0.12477520726800853,1.9870808734033705,0.6924634278729971,"{'pca__n_components': 22, 'svr__alpha': 0.0001, 'svr__loss': 'squared_loss', 'svr__max_iter': 10000, 'svr__penalty': 'l2'}"
0,All,read_sum,continuous,knn,63,0.8046290359712673,0.8050794690579854,0.07988584704266755,0.29170586734717024,0.7935376125166571,"{'knn__n_neighbors': 3, 'pca__n_components': 63}"
1,All,read_sum,continuous,dtr,55,0.8037355233691249,0.8041880164735197,0.08343635105083362,0.35081426469174465,0.8098007667371157,"{'dtr__criterion': 'mse', 'dtr__max_depth': 10, 'pca__n_components': 55}"
2,All,read_sum,continuous,lasso,21,0.5677613136435252,0.5687578517251304,0.15160938720764053,0.7873977137486842,0.5670525074609012,"{'lasso__alpha': 0.01, 'pca__n_components': 21}"
3,All,read_sum,continuous,mlp,71,0.818589835113357,0.8190080811968432,0.08241300862801344,0.3557355411779614,0.7972216766359583,"{'mlp__activation': 'relu', 'mlp__hidden_layer_sizes': (100, 50), 'pca__n_components': 71}"
4,All,read_sum,continuous,elasticnet,56,0.6372994911658544,0.6381357070823832,0.1296054621020248,0.6529734199116165,0.6401763432144271,"{'elasticnet__alpha': 0.01, 'elasticnet__l1_ratio': 0.30000000000000004, 'pca__n_components': 56}"
5,All,read_sum,continuous,svr,34,0.6657863254974583,0.6665568642403978,0.11386707786748243,0.5156236236393912,0.6781656770663043,"{'pca__n_components': 34, 'svr__alpha': 0.0001, 'svr__loss': 'epsilon_insensitive', 'svr__max_iter': 10000, 'svr__penalty': 'elasticnet'}"
0,All,write_sum,continuous,knn,59,0.639577808339361,0.6404087715335004,0.09608009102844195,0.25803676319941343,0.6329268833132787,"{'knn__n_neighbors': 9, 'pca__n_components': 59}"
1,All,write_sum,continuous,dtr,64,0.5732131276576158,0.5741970964333019,0.12010359045055613,0.32191507635987754,0.5255386728363649,"{'dtr__criterion': 'mse', 'dtr__max_depth': 5, 'pca__n_components': 64}"
2,All,write_sum,continuous,lasso,24,0.41412992502852564,0.41548066446719867,0.16798400467796795,0.45702217895572006,0.4229203351188168,"{'lasso__alpha': 0.01, 'pca__n_components': 24}"
3,All,write_sum,continuous,mlp,76,0.6336616628083651,0.6345062658374014,0.11004290468263409,0.2948943099887317,0.6061117143992222,"{'mlp__activation': 'relu', 'mlp__hidden_layer_sizes': (100, 50), 'pca__n_components': 76}"
4,All,write_sum,continuous,elasticnet,54,0.47842365973644274,0.47962616821600124,0.14785924828711855,0.40405143879587635,0.4887392583331317,"{'elasticnet__alpha': 0.01, 'elasticnet__l1_ratio': 0.0, 'pca__n_components': 54}"
5,All,write_sum,continuous,svr,38,0.4836545114111467,0.48484496001948685,0.14583632882832417,0.4006373644285207,0.49086093509369016,"{'pca__n_components': 38, 'svr__alpha': 0.0001, 'svr__loss': 'squared_loss', 'svr__max_iter': 10000, 'svr__penalty': 'elasticnet'}"
0,All,cpu_mean,continuous,knn,70,0.9585964194905123,0.9586918765747459,0.009147048759721178,0.015433395021461923,0.9512984486002687,"{'knn__n_neighbors': 2, 'pca__n_components': 70}"
1,All,cpu_mean,continuous,dtr,64,0.9528037002724241,0.9529125126288234,0.012421243466059852,0.021664710988019965,0.95386736655689,"{'dtr__criterion': 'mse', 'dtr__max_depth': 10, 'pca__n_components': 64}"
2,All,cpu_mean,continuous,lasso,49,0.7577973778648144,0.758355782616728,0.07535818594712532,0.14609996138060474,0.7638834333894238,"{'lasso__alpha': 0.01, 'pca__n_components': 49}"
3,All,cpu_mean,continuous,mlp,47,0.9266429170228087,0.9268120437785797,0.026432126420618804,0.05105493132085833,0.9005892920441818,"{'mlp__activation': 'logistic', 'mlp__hidden_layer_sizes': (100,), 'pca__n_components': 47}"
4,All,cpu_mean,continuous,elasticnet,58,0.8802318320206436,0.8805079607988462,0.03924541338343686,0.07579823822512916,0.8847711297846073,"{'elasticnet__alpha': 0.01, 'elasticnet__l1_ratio': 0.0, 'pca__n_components': 58}"
5,All,cpu_mean,continuous,svr,36,0.876356552558567,0.8766416158992758,0.05131747504930135,0.10764163513774669,0.8794078278987764,"{'pca__n_components': 36, 'svr__alpha': 0.0001, 'svr__loss': 'epsilon_insensitive', 'svr__max_iter': 10000, 'svr__penalty': 'l1'}"
0,All,cpu_max,continuous,knn,70,0.9598605331008682,0.9599530757366916,0.009017367467860358,0.015299914127513298,0.9523987575300055,"{'knn__n_neighbors': 2, 'pca__n_components': 70}"
1,All,cpu_max,continuous,dtr,54,0.9304206549510188,0.9305810720289507,0.011021977521589729,0.014553580217639741,0.935136202081596,"{'dtr__criterion': 'mae', 'dtr__max_depth': 15, 'pca__n_components': 54}"
2,All,cpu_max,continuous,lasso,74,0.7561101270907298,0.7566724218453262,0.0733605644477173,0.1406318942634858,0.7618681814448005,"{'lasso__alpha': 0.01, 'pca__n_components': 74}"
3,All,cpu_max,continuous,mlp,74,0.9272176170670766,0.9273854188362195,0.02787450847757626,0.05609011788652146,0.9002795706563055,"{'mlp__activation': 'logistic', 'mlp__hidden_layer_sizes': (100,), 'pca__n_components': 74}"
4,All,cpu_max,continuous,elasticnet,57,0.8787373772919645,0.8790169515763084,0.03939258521097227,0.07599916044763641,0.8831258072884669,"{'elasticnet__alpha': 0.01, 'elasticnet__l1_ratio': 0.0, 'pca__n_components': 57}"
5,All,cpu_max,continuous,svr,37,0.877349925269722,0.8776326983625489,0.052155423357248744,0.11074345326917781,0.8807543893726929,"{'pca__n_components': 37, 'svr__alpha': 0.0001, 'svr__loss': 'epsilon_insensitive', 'svr__max_iter': 10000, 'svr__penalty': 'l1'}"
0,All,memory_mean,continuous,knn,67,0.7511411964623124,0.7517149472220106,0.10069911183608449,1.7401975690970768,0.7508315695197871,"{'knn__n_neighbors': 4, 'pca__n_components': 67}"
1,All,memory_mean,continuous,dtr,72,0.7585463229597794,0.7591030009983475,0.10495878337136824,2.0832704039829286,0.7634444197260368,"{'dtr__criterion': 'friedman_mse', 'dtr__max_depth': 5, 'pca__n_components': 72}"
2,All,memory_mean,continuous,lasso,63,0.7007294417093173,0.7014194181446842,0.12605152214928794,2.1821484839159813,0.7045718829643098,"{'lasso__alpha': 0.01, 'pca__n_components': 63}"
3,All,memory_mean,continuous,mlp,61,0.7732231744518658,0.7737460146089772,0.10274452555201367,1.81516705905319,0.7721069308403326,"{'mlp__activation': 'logistic', 'mlp__hidden_layer_sizes': (100,), 'pca__n_components': 61}"
4,All,memory_mean,continuous,elasticnet,52,0.7658239380764936,0.766363837374898,0.10615929638363707,1.969668354329437,0.7691548705107356,"{'elasticnet__alpha': 0.01, 'elasticnet__l1_ratio': 0.0, 'pca__n_components': 52}"
5,All,memory_mean,continuous,svr,39,0.7617097019816695,0.7622590867636149,0.10662362699513601,1.7966145635760076,0.7671076377189778,"{'pca__n_components': 39, 'svr__alpha': 0.0001, 'svr__loss': 'epsilon_insensitive', 'svr__max_iter': 10000, 'svr__penalty': 'l1'}"
0,All,memory_max,continuous,knn,58,0.7239237729185559,0.7245602741906462,0.11107867704330142,1.5226952905549829,0.7202261178016192,"{'knn__n_neighbors': 7, 'pca__n_components': 58}"
1,All,memory_max,continuous,dtr,62,0.7304144154367154,0.7310359523554342,0.1142433875644431,1.7171944561660712,0.730854203734694,"{'dtr__criterion': 'friedman_mse', 'dtr__max_depth': 5, 'pca__n_components': 62}"
2,All,memory_max,continuous,lasso,31,0.6565190536965633,0.6573109583874239,0.13756430636753833,1.8387979582595144,0.6594475594026232,"{'lasso__alpha': 0.01, 'pca__n_components': 31}"
3,All,memory_max,continuous,mlp,71,0.7263191000076034,0.7269500787877523,0.11558739007357996,1.8129448970650837,0.7308435188135218,"{'mlp__activation': 'logistic', 'mlp__hidden_layer_sizes': (100,), 'pca__n_components': 71}"
4,All,memory_max,continuous,elasticnet,57,0.7246731912363572,0.7253079647040739,0.11791607237959056,1.7169432983490844,0.7263478644935167,"{'elasticnet__alpha': 0.01, 'elasticnet__l1_ratio': 0.0, 'pca__n_components': 57}"
5,All,memory_max,continuous,svr,37,0.7184653292220543,0.7191144150849773,0.11937471262309908,1.6546269447743323,0.7233453030260082,"{'pca__n_components': 37, 'svr__alpha': 0.0001, 'svr__loss': 'epsilon_insensitive', 'svr__max_iter': 10000, 'svr__penalty': 'l1'}"
